{
  "project_info": {
    "project_number": "838855400347",
    "firebase_url": "https://assessment-java-e4fe5.firebaseio.com",
    "project_id": "assessment-java-e4fe5",
    "storage_bucket": "assessment-java-e4fe5.appspot.com"
  },
  "client": [
    {
      "client_info": {
        "mobilesdk_app_id": "1:838855400347:android:57493c667b4b572aa8df3e",
        "android_client_info": {
          "package_name": "alunos.infnet.assessmentjava"
        }
      },
      "oauth_client": [
        {
          "client_id": "838855400347-37octck3ecod70dvsq8d36f8qa3ph9v0.apps.googleusercontent.com",
          "client_type": 1,
          "android_info": {
            "package_name": "alunos.infnet.assessmentjava",
            "certificate_hash": "b8c411ec62729a8d1c3196645932df329462ca1b"
          }
        },
        {
          "client_id": "838855400347-64fb7g4kjieoovrojgu60dr9oq9pjofv.apps.googleusercontent.com",
          "client_type": 3
        }
      ],
      "api_key": [
        {
          "current_key": "AIzaSyCHPsAZ9DL_fDd7DALRbOl4kuBbUo2pyjo"
        }
      ],
      "services": {
        "appinvite_service": {
          "other_platform_oauth_client": [
            {
              "client_id": "838855400347-64fb7g4kjieoovrojgu60dr9oq9pjofv.apps.googleusercontent.com",
              "client_type": 3
            }
          ]
        }
      }
    }
  ],
  "configuration_version": "1"
}